razakadam74,https://t.co/6skqZNnvlr
 ,#yearinreview2016 https://t.co/kEtAiJwubQ
 ,#yearinreview2016 https://t.co/WVuvm3vGuK
 ,@ashLead4 Farmer as a servant leader-set target-team-understand their world-humility https://t.co/4q7h4vidFk
 ,#ashlead4 ::Personal Question:: Where can I serve at the moment?  --Mo Issa
 ,#ashlead4 "In the end it shall be well so it's not the end if it's not well" --Mr.Yaw Sayki
 ,Let us compete with ourselves in doing the right thing.by Akua Akyaa Nkrumah#ashlead4@AkyaaN
 ,Sometimes it is good to know what you don't want to do. By Akua Akyaa Nkrumah#ashlead4
 ,#AshesiVotes #ashlead4 We select our leaders tomorrow. Wishing all teams the very best https://t.co/k7vHzMMeHa
 ,“Patience is not an absence of action; rather it is timing. It waits on the right time to act."  By Fulton J. Sheen #ashlead4
 ,#justmike https://t.co/dHVS4MDJzx
 ,#justmike https://t.co/3DFhzpJjbU
 ,#JustMike https://t.co/vtiXeO6W2I
 ,#ashlead4 https://t.co/Au78Oe36cp
 ,@ashLead4 https://t.co/05bSsqB0VX
 ,#ashlead4 Service Learning @ Wa-Upper West https://t.co/2kSK4cpybh
 ,Each of us has a follower and a leader within us. The best way forward is to know when to be that leader or that follower @ashlead4
 ,Dr Abdulai's Emergency Medical Fund https://t.co/xlMm7EYARk @AshLead4
 ,https://t.co/B9M5oN1zL9
 ,https://t.co/GPcwQxqLOH... https://t.co/Sbnq0Qa8OD
 ,Sign up for Payoneer https://t.co/31YlKFkNhv
 ,https://t.co/OTLI3U3zMy
 ,The Thunderbolt Workstation Giveaway | TNW Deals https://t.co/HjbWmk12GA via @tnwdeals
 ,Working on my Interpersonal skills — feeling curious
 ,Microsoft OneDrive - Access files anywhere. Create docs with free Office Online. https://t.co/5WRLQgY5ji
 ,https://t.co/PJL8iftYKR
 ,Microsoft OneDrive - Access files anywhere. Create docs with free Office Online. https://t.co/THscPeqyAD
 ,&lt;h1&gt;***Do you want to Visit Google Office? ***&lt;/h1&gt;If you are a Computer Science student expecting to graduate... https://t.co/MTrSE39x8B
 ,Before I went to bed yesterday my plan for today was to visit a friend after Eid-prayer. I received a message... https://t.co/bmPmUUrLFa
 ,Filtering my Facebook friends Some friends are like 'ghosts'. I don't know when and how I accepted them as... https://t.co/rgdUa5gHBP
 ,Come to think of it I ve pushed a lot of people out in my life. I don't know why but I guess that's me. Anyway... https://t.co/tyuqCeFdoE
 ,Going Offline from tomorrow (09/06/16)
 ,Thank you all my friends for making my day. I really appreciate ur friendships. Love u all. — feeling happy
 ,https://t.co/fhZsmDux9c
 ,https://t.co/mnoCG5J0TA
 ,Benin: The Nigerian City that Made the Europeans Jealous https://t.co/yyCBEQfYvU
 ,Add me on SnapChat https://t.co/VpI6xZmxRK
 ,Add me on SnapChat https://t.co/3bfOLWIsRQ
 ,And give to the orphans their properties and do not substitute the defective [of your own] for the good [of... https://t.co/tJHqIHMnoU
 ,Allah accepts the repentance of those who do evil in ignorance and repent soon afterwards; to them will Allah... https://t.co/Aq8CL377H8
 ,O mankind! We created you from a single (pair) of a male and a female and made you into nations and tribes that... https://t.co/KCFhZXAJON
 ,Ordel. The Ashesi University Startup That Wants To Revolutionize Your Refrigeration System. https://t.co/JM2FUfCOlP
 ,Samsung Galaxy S7 and S7 edge: Official Introduction https://t.co/dZPwTmGVbI
 ,Looking for your next laptop? PCMag suggests MSI gaming notebook - MSI Gaming Series https://t.co/QOmvZHmCJ5
 ,Mehdi Hassan - ISIS &amp; Sectarianism https://t.co/J1cEKs6wcC
 ,Check out my Friends Day video! #friendsday https://t.co/vd9umnDFkO
 ,Awesome! Newbie Downloader Unlocked! https://t.co/pfuZdGZP8k
 ,https://t.co/5xjeEJV5dm
 ,***APPLY TO ASHESI UNIVERSITY COLLEGE NOW *** “Ashesi University College is a private non-profit liberal arts... https://t.co/EH554ZDTg1
 ,African Consumer | Has Religion Killed Rational Thinking in Africa https://t.co/EDkRI2i2t1
 ,Wikipedia is like a container that encapsulates the brains of all humans. Thank you ...https://t.co/BpFPYnuWXT #wikipedia15
 ,https://t.co/pteosCP24A
 ,***How to download videos online***Ant Video Downloaders works like Internet Download Manager in terms of video... https://t.co/wqf6cJJKu3
 ,https://t.co/Zn09sWzOYX
 ,#2016 Year of no NONSENSE. Gonna let all da weeds die then da crops go grow. — feeling fresh at Upper West... https://t.co/IFiJs81KZC
 ,https://t.co/QvRmvCaaZz
 ,https://t.co/D2tsnf91tL
 ,@mathbff appreciating your work. Thanks for the tutorials.
 ,https://t.co/ER6t9utsNs
 ,Try the new Facebook Design (FACEBOOK FLAT)If you are bored with your current Facebook design then this is a... https://t.co/sSH3z6tbwx
 ,Best Ads (advertisements) Blocker for everyone (available on Android PCs and MACs)  Speculating on how to... https://t.co/8mmy9dOKpe
 ,Watch and Download latest movies Online for FreeHere are few of the many sites you could watch or download... http://t.co/bvINsdMurL
 ,http://t.co/zBAhcaNuCO
 ,Every child deserves opportunity http://t.co/L9fbdvzV9F
 ,Every child deserves opportunity http://t.co/7xUrsI1Hun
 ,"A Must Read Article" http://t.co/a8QzwzB7wS
 ,http://t.co/MyrZs1lh2g
 ,Upgrade to Windows 10 now If you are impatiently waiting for Microsoft to upgrade your Operating System to... http://t.co/A1DUyLQm4v
 ,Dr. Fred McBagonluri heads up Engineering at Ashesi - Ashesi University College http://t.co/ZeCUOiNkrY
 ,Accreditation Board approves Ashesi's Engineering majors - Ashesi University College http://t.co/9B3odlHZza
 ,Accreditation Board approves Ashesi's Engineering majors - Ashesi University College http://t.co/KfT1St1Ty9
 ,How the Vodafone One Ghana Offer works *To activate the Vodafone One Ghana OfferDial 7272 and follow the voice... http://t.co/AIp1Nppndf
 ,http://t.co/6HogD0FeN7
 ,http://t.co/KbbYyTLcoa
 ,"The hard stuff is easy but the easy stuff is hard" (David Dalrymple)
 ,Preppy-Like http://t.co/DRDGpF6n10
 ,Microsoft Student Partner Program | MSDN http://t.co/uqcsU7xdzQ
 ,Microsoft is currently running a recruitment drive for the Microsoft Student Partner Program in Ghana . Their... http://t.co/duO8bh5ZGF
 ,Working to Live or Living to Work? (By: Prince Ea)"Life has taught me that all we would ever have is NOW”... http://t.co/2WxUq6M2EX
 ,Volunteer | Ashoka - Innovators for the Public http://t.co/KGFnG3AE59
 ,"The greatest gift you can give to other people is themselves"--Stephen R.Covey
 ,http://t.co/mOgeKG8F4J
 ,http://t.co/0qnMoEPsFj
 ,Thanks you very much everybody. I appreciate your 'happy birthday wishes' and your friendships. I pray that you... http://t.co/cH8URtu5k3
 ,http://t.co/WaEEBZEuRi
 ,How to educate leaders? Liberal arts http://t.co/TDtS4XdNe1
 ,https://t.co/rcJyKXMVwk http://t.co/qCtIyYXD2I
 ,Sleeping @ 5:40am becos of Python night. Wake me up if u can. — feeling blessed
 ,http://t.co/lKSAxpYpJn
 ,#AshTM Is this Africa?https://t.co/Pm0OLOu5BO
 ,Hello friends I want to share an advice with you. Many people have complained that their facebook accounts are... http://t.co/GqQdwNB1M9
 ,Hello friends I want to share an advice with you. Many people have complained that their facebook accounts are... http://t.co/9lne3CAoHD
 ,Make Call with your whatsapp for ONLY ANDROID USERS... http://t.co/1TKtbpDKgb
 ,Before anything else we’re all human. It’s time to embrace diversity and help end bias. Spread the word. #LoveHasNoLabels
 ,Ghana @ 58 Parade: http://t.co/DyulanavYX via @YouTube
 ,#KeepingGhanaClean
 ,http://t.co/cgJ4jIGawa
 ,Download Original S02E14 http://t.co/aZHTERg0WN http://t.co/crIAaVYOlg
 ,Apply to Ashesi University College Ghana today.http://t.co/7qQ6yG0imJCourses:... http://t.co/9P6BmBxzWJ
 ,http://t.co/xV4vHh2m1a
 ,http://t.co/R0CeI2htqC
 ,@ashesi @bartdoorneweert @dkoa : It is a just a marking on the ground we prepared our models on. It has nothing to do with our project.thnks
 ,@dkoa @BartDoorneweert @Ashesi  moisture for crops such as maize millet and groundnuts.
 ,@dkoa @BartDoorneweert @Ashesi a 'ready-for-cropping' land in the dry season. At this state the land is fertile and contains enough
 ,@dkoa @BartDoorneweert @Ashesi prevents direct heat from the sun and  serves a organic fertilizer after it decomposes.~4 model represents
 ,@dkoa @BartDoorneweert @Ashesi Also mulch ( varying between 2-3 inches high depending on the soil type) is applied to retain water
 ,@dkoa @BartDoorneweert @Ashesi 3rd model: Ridges are created on the second part of land to reduce water loss and enhance water storage.
 ,@dkoa @BartDoorneweert @Ashesi The piece of land is then divided into two parts one part for the wet seasoning farming and the other part
 ,@dkoa @BartDoorneweert @Ashesi 2nd model: Represents a cleared and ploughed land- No weeds  no shrubs and no crop remains-
 ,@dkoa @BartDoorneweert @Ashesi :1st model: Represents a weedy land in the wet season with shrubs weeds and crop remains of previous harvest
 ,@dkoa @BartDoorneweert @Ashesi. Find a picture of our process. http://t.co/V96MSf9Sgj
 ,The Bible: So Misunderstood It's a Sin http://t.co/Skvi57Yif7
 ,Thomas A. Edison Quotes at http://t.co/dKUwi1Fff7 http://t.co/PgChnXb5Fk
 ,It's been a great year! Thanks for being a part of it.
 ,Are you a computer scientist / learning to become a computer scientist? it would be good you consider DreamOval... http://t.co/ztgQ3KqABg
 ,BAJAZET II. - http://t.co/6V26MqlWjL http://t.co/1jyT9E2qeb via @JewEncyclopedia
 ,Downloading : Your Link Will Be Available In A Moment http://t.co/sCsdO5IvgC
 ,http://t.co/EZNYbOydO8
 ,http://t.co/gnBw2URwuh
 ,http://t.co/BuCN4Ujt70
 ,WATCH  GTV Joy News Adom TV France 24 TV Africa Euro News and CTV Sportshttp://t.co/S7c7xe7sRI http://t.co/swZCXA17tC
 ,http://t.co/NG0rZefuDZ http://t.co/WU7VKCp4b6
 ,http://t.co/ctsVaDCZDr
 ,HOW TO DOWNLOAD MOVIES SOFTWARES GAMES MUSIC BOOKS ETC. FREE.1. Download and install utorrent vuze... http://t.co/4pxNiWcw7D
realDonaldTrump,Why does the Mueller team have 13 hardened Democrats some big Crooked Hillary supporters and Zero Republicans? An… https://t.co/wKNAVhWJcz
 ,Spent very little time with Andrew McCabe but he never took notes when he was with me. I don’t believe he made mem… https://t.co/O4fdG6P0sN
 ,Wow watch Comey lie under oath to Senator G when asked “have you ever been an anonymous source...or known someone… https://t.co/2GxHCPXrJ3
 ,The Mueller probe should never have been started in that there was no collusion and there was no crime. It was base… https://t.co/oMCKEA7WmJ
 ,The Fake News is beside themselves that McCabe was caught called out and fired. How many hundreds of thousands of… https://t.co/09lMF1jNHk
 ,As the House Intelligence Committee has concluded there was no collusion between Russia and the Trump Campaign. As… https://t.co/BF4giONbVG
 ,Happy #StPatricksDay https://t.co/4vVsW2smhB
 ,Andrew McCabe FIRED a great day for the hard working men and women of the FBI - A great day for Democracy. Sanctim… https://t.co/Cz8RmnXjLC
 ,“U.S. Consumer Confidence Hits 14-Year High” https://t.co/tXJsSRoM64
 ,It would be great for the Republican Party of Nevada and it’s unity if good guy Danny Tarkanian would run for Cong… https://t.co/QyWFYavmnS
 ,Our thoughts and prayers go out to the families and loved ones of the brave troops lost in the helicopter crash on… https://t.co/lNSNRvUa22
 ,“President Donald J. Trump Delivers Remarks at the Shamrock☘️Bowl Presentation by Prime Minister Varadkar in the Ea… https://t.co/o7DliOumDx
 ,Continuing to monitor the heartbreaking bridge collapse at FIU - so tragic. Many brave First Responders rushed in t… https://t.co/vGKt6pSST9
 ,It was my honor to welcome Prime Minister Leo Varadkar of Ireland to the @WhiteHouse! https://t.co/ZT3WnIZR2L
 ,We do have a Trade Deficit with Canada as we do with almost all countries (some of them massive). P.M. Justin Trud… https://t.co/xSKFD5YNYm
 ,Larry Kudlow will be my Chief Economic Advisor as Director of the National Economic Council. Our Country will have… https://t.co/uBMM8fsmL8
 ,Please join me with your thoughts and prayers for both aviators their families and our incredible @USNavy. https://t.co/60bHhrp8Y1
 ,It was wonderful to be back in Missouri where our push for historic TAX CUTS all began. Six months ago I promised t… https://t.co/33TxKS2pTe
 ,Together we are MAKING AMERICA GREAT AGAIN! https://t.co/CUutL5SZxQ
 ,Today the House took major steps toward securing our schools by passing the STOP School Violence Act. We must put t… https://t.co/7rZrpbvgjj
 ,Thank you for hosting! #MAGA https://t.co/9pHH60DVlX
 ,We cannot keep a blind eye to the rampant unfair trade practices against our Country!
 ,Five of our incredible @Cabinet Secretaries are testifying on the Hill this morning on the need to rebuild our Nati… https://t.co/3AXqETfEXJ
 ,Perhaps at no time in history have the business fundamentals of U.S. companies been better than they are today!
 ,Hundreds of good people including very important Ambassadors and Judges are being blocked and/or slow walked by t… https://t.co/ck2Ig9AZvs
 ,All across this nation we pray for our country and we THANK GOD for our United States Marines! Thank you. God Bles… https://t.co/mJpNt7HhzF
 ,It was my great honor to deliver a message at the Marine Corps Air Station Miramar to our GREAT U.S. Military stra… https://t.co/O0lrIsBwu6
 ,If we don’t have a wall system we’re not going to have a country. Congress must fund the BORDER WALL &amp; prohibit gr… https://t.co/0TfovosPwS
 ,California’s sanctuary policies are illegal and unconstitutional and put the safety and security of our entire nati… https://t.co/zaPkbqbRDM
 ,“According to the Center for Immigration Studies the $18 billion wall will pay for itself by curbing the importati… https://t.co/aNllS0s4IC
 ,Heading to see the BORDER WALL prototypes in California! https://t.co/fU6Ukc271l
 ,Mike Pompeo Director of the CIA will become our new Secretary of State. He will do a fantastic job! Thank you to… https://t.co/bQrfIvM6iT
 ,The Economy is raging at an all time high and is set to get even better. Jobs and wages up. Vote for Rick Saccone and keep it going!
 ,THE HOUSE INTELLIGENCE COMMITTEE HAS AFTER A 14 MONTH LONG IN-DEPTH INVESTIGATION FOUND NO EVIDENCE OF COLLUSION… https://t.co/cdRy6HvVZS
 ,It was my great honor to welcome the 2017 World Series Champion Houston @Astros to the @WhiteHouse! #HoustonStrong https://t.co/IO6B42jixA
 ,The Pittsburgh Post Gazette just endorsed Rick Saccone for Congress. He will be much better for steel and business.… https://t.co/ZCmxt9gOQS
 ,If schools are mandated to be gun free zones violence and danger are given an open invitation to enter. Almost all… https://t.co/rGdwQ3lSQA
 ,....On 18 to 21 Age Limits watching court cases and rulings before acting. States are making this decision. Things… https://t.co/wqQ3l47UpO
 ,Very strong improvement and strengthening of background checks will be fully backed by White House. Legislation mov… https://t.co/sfQ0zx9e3h
 ,Secretary of Commerce Wilbur Ross will be speaking with representatives of the European Union about eliminating the… https://t.co/qxjJLdFpzd
 ,Rasmussen and others have my approval ratings at around 50% which is higher than Obama and yet the political pund… https://t.co/x6MUw9P9sQ
 ,The Democrats continue to Obstruct the confirmation of hundreds of good and talented people who are needed to run o… https://t.co/AVCxZlPVIJ
 ,The Republicans are 5-0 in recent Congressional races a point which the Fake News Media continuously fails to ment… https://t.co/JJuFpuSHyx
 ,...have shown conclusively that there was no Collusion with Russia..just excuse for losing. The only Collusion was… https://t.co/ya2CwP1iUd
 ,The Failing New York Times purposely wrote a false story stating that I am unhappy with my legal team on the Russia… https://t.co/LPBOjSP2LR
 ,Epic crowd in Moon Township Pennsylvania tonight. Thank you! Get out on Tuesday and VOTE for Rick @Saccone4PA18. T… https://t.co/WymRPli25F
 ,Join me LIVE in Moon Township Pennsylvania at 7:00pmE. Great crowd for a #MAGA rally!https://t.co/PYJNg0WGDL
 ,The European Union wonderful countries who treat the U.S. very badly on trade are complaining about the tariffs o… https://t.co/yNB0RtRciL
 ,In the first hours after hearing that North Korea’s leader wanted to meet with me to talk denuclearization and that… https://t.co/A3376MpW3r
 ,North Korea has not conducted a Missile Test since November 28 2017 and has promised not to do so through our meet… https://t.co/Ht46GE3Pfy
 ,Heading to Moon Township Pennsylvania to be with a really good person State Representative Rick Saccone who is… https://t.co/PKlU2Qxkxr
 ,Spoke to Prime Minister Abe of Japan who is very enthusiastic about talks with North Korea. Also discussing openin… https://t.co/nkhscNpa1c
 ,Chinese President XI JINPING and I spoke at length about the meeting with KIM JONG UN of North Korea. President XI… https://t.co/dlSO7SlUID
 ,Congratulations to Kristian Saucier a man who has served proudly in the Navy on your newly found Freedom. Now you… https://t.co/GZwwILcMPd
 ,We are deeply saddened by the tragic situation in Yountville and mourn the loss of three incredible women who cared for our Veterans.
 ,The deal with North Korea is very much in the making and will be if completed a very good one for the World. Time… https://t.co/7vZGmZtsYL
 ,Spoke to PM @TurnbullMalcolm of Australia. He is committed to having a very fair and reciprocal military and trade… https://t.co/HTGkP7vcyw
 ,That’s right @RepBost! Thank you for your support in helping put America back to work. It’s about JOBS JOBS JOBS… https://t.co/5WKHqkpAj9
 ,Look forward to being in Pennsylvania tomorrow in support of Rick @Saccone4PA18. Big crowd expected in Moon Townshi… https://t.co/AJaYw4PstI
 ,JOBS JOBS JOBS! #MAGA https://t.co/YAaqRcA7ZS
 ,Kim Jong Un talked about denuclearization with the South Korean Representatives not just a freeze. Also no missil… https://t.co/ZLg0zRZ976
 ,“Presidential Proclamation on Adjusting Imports of Aluminum into the United States”  Proclamation:… https://t.co/2GahSEcox6
 ,“Presidential Proclamation on Adjusting Imports of Steel into the United States” Proclamation:… https://t.co/hQNfSTdFS2
 ,Great meeting with @Cabinet at the @WhiteHouse today! #MAGA https://t.co/InWj0QTosz
 ,Happy #InternationalWomensDay“First Lady Melania Trump to Present the 2018 International Women of Courage Award” https://t.co/EwYtFXGvn2
 ,Looking forward to 3:30 P.M. meeting today at the White House. We have to protect &amp; build our Steel and Aluminum In… https://t.co/TOvuYY0vmd
 ,The U.S. is acting swiftly on Intellectual Property theft. We cannot allow this to happen as it has for many years!
 ,China has been asked to develop a plan for the year of a One Billion Dollar reduction in their massive Trade Defici… https://t.co/D2TzeyTmqX
 ,From Bush 1 to present our Country has lost more than 55000 factories 6000000 manufacturing jobs and accumulat… https://t.co/PqL7IA75c4
 ,@MarkBurnettTV @RealRomaDowney From Bush 1 to present our Country has lost more than 55000 factories 6000000 m… https://t.co/ZWsYQugFPk
 ,Great couple great book! https://t.co/cLDI79rin8
 ,Will be making a decision soon on the appointment of new Chief Economic Advisor. Many people wanting the job - will choose wisely!
 ,Possible progress being made in talks with North Korea. For the first time in many years a serious effort is being… https://t.co/17I9VFMLrI
 ,Federal Judge in Maryland has just ruled that “President Trump has the right to end DACA.” President Obama had 8 ye… https://t.co/Coh1fflMxK
 ,Lowest rated Oscars in HISTORY. Problem is we don’t have Stars anymore - except your President (just kidding of course)!
 ,We will see what happens! https://t.co/Y1qxoAUfd9
 ,We are getting it done - jobs and security! https://t.co/Ui8bubj7Yr
 ,Total inaction on DACA by Dems. Where are you? A deal can be made!
 ,The new Fake News narrative is that there is CHAOS in the White House. Wrong! People will always come &amp; go and I w… https://t.co/gZx40h1psF
 ,It’s March 5th and the Democrats are nowhere to be found on DACA. Gave them 6 months they just don’t care. Where a… https://t.co/VuCAvyGCb7
 ,Why did the Obama Administration start an investigation into the Trump Campaign (with zero proof of wrongdoing) lon… https://t.co/YyfQtgZMpn
 ,To protect our Country we must protect American Steel! #AMERICA FIRST
 ,...treat our farmers much better. Highly restrictive. Mexico must do much more on stopping drugs from pouring into… https://t.co/7Bmn1xy747
 ,We have large trade deficits with Mexico and Canada. NAFTA which is under renegotiation right now has been a bad… https://t.co/SdLj0DaHLu
 ,We are on the losing side of almost all trade deals. Our friends and enemies have taken advantage of the U.S. for m… https://t.co/kTZHwXqeMy
 ,The Gridiron Dinner last night was great fun. I am accomplishing a lot in Washington and have never had a better ti… https://t.co/BZHVReTuYi
 ,If the E.U. wants to further increase their already massive tariffs and barriers on U.S. companies doing business t… https://t.co/taytTlApWc
 ,The United States has an $800 Billion Dollar Yearly Trade Deficit because of our “very stupid” trade deals and poli… https://t.co/nFF3vEmRmY
 ,Mainstream Media in U.S. is being mocked all over the world. They’ve gone CRAZY! https://t.co/4UGYuJpUA7
 ,Happy National Anthem Day! https://t.co/cf1eugMbKU
 ,REST IN PEACE BILLY GRAHAM! https://t.co/2qMoUccVC2
 ,When a country Taxes our products coming in at say 50% and we Tax the same product coming into our country at ZE… https://t.co/UFVLaWepzN
 ,We must protect our country and our workers. Our steel industry is in bad shape. IF YOU DON’T HAVE STEEL YOU DON’T HAVE A COUNTRY!
 ,Eric we are all with you and your family! Look forward to seeing you back on T.V. https://t.co/d6y3Q00BSy
 ,Alec Baldwin whose dying mediocre career was saved by his terrible impersonation of me on SNL now says playing me… https://t.co/Ntuy4BRXmJ
 ,When a country (USA) is losing many billions of dollars on trade with virtually every country it does business with… https://t.co/lPSkkolNRP
 ,Good (Great) meeting in the Oval Office tonight with the NRA!
 ,Manufacturing growing at the fastest pace in almost two decades!
 ,Jobless claims at a 49 year low!
 ,Together we will face this challenge as a national family with conviction with unity and with a commitment to lo… https://t.co/7sw39LHddj
 ,“Consumer Confidence in February Highest Since November 2000” https://t.co/UgAJRawExx
 ,“Manufacturing in U.S. Expands at Fastest Pace Since May 2004” https://t.co/XZkwS8tTml
 ,Unemployment filings are at their lowest level in over 48 years. Great news for workers and JOBS JOBS JOBS! #MAGA https://t.co/SzHTarzfrW
 ,Our Steel and Aluminum industries (and many others) have been decimated by decades of unfair trade and bad policy w… https://t.co/OEgFJVYtCs
 ,Many ideas some good &amp; some not so good emerged from our bipartisan meeting on school safety yesterday at the Whi… https://t.co/aJ2m3fH3y3
 ,It was an honor to welcome bipartisan members of Congress for a discussion on SAFE schools and SAFE communities. As… https://t.co/EPB1EN3HRc
 ,Today we honor Billy Graham as only three private citizens before him have been honored. We say a prayer for our… https://t.co/CbrnqFwUuZ
 ,Starting at a small Bible School in Florida Billy Graham soon led a nationwide revival. From a large tent in Los A… https://t.co/rhhuOssGmf
 ,Today in the center of this great Chamber lies Billy Graham – an Ambassador for Christ who reminded the world of t… https://t.co/1pVcsV0cam
 ,Why is A.G. Jeff Sessions asking the Inspector General to investigate potentially massive FISA abuse. Will take for… https://t.co/3tKywTn98g
 ,45 year low on illegal border crossings this year. Ice and Border Patrol Agents are doing a great job for our Count… https://t.co/Q6WZdxvUjS
 ,I have decided that sections of the Wall that California wants built NOW will not be built until the whole Wall is… https://t.co/Vz6U6uS0Za
 ,The Heritage Foundation has just stated that 64% of the Trump Agenda is already done faster than even Ronald Reaga… https://t.co/MxsE3dtLnd
 ,Big legal win today. U.S. judge sided with the Trump Administration and rejected the attempt to stop the government… https://t.co/zxoD3cKbaA
 ,Such a beautiful map thank you! https://t.co/FyQdgKvsRO
 ,.@SenatorWicker of Mississippi has been a great supporter and incredible help in getting our massive Tax Cut Bill d… https://t.co/NZAavAxY2F
 ,Texas LC George P. Bush backed me when it wasn’t the politically correct thing to do and I back him now. Also AC… https://t.co/6YdVjdovKe
 ,“American consumers are the most confident they've been since 2000....A strong job market is boosting confidence. T… https://t.co/jabPYi1Opc
 ,I want to encourage all of my many Texas friends to vote in the primary for Governor Greg Abbott Senator Ted Cruz… https://t.co/hhYhBC3fk8
 ,WITCH HUNT!
 ,“We’ve seen NO EVIDENCE OF COLLUSION....I have seen nothing the firing of James Comey and all of the aftermath th… https://t.co/smYiwXrZnh
 ,“I’ve been skeptical about the collusion and obstruction claims for the last year. I just don’t see the evidence...… https://t.co/wUxgVpVTIN
 ,“He’s got a very good point. Somebody in the Justice Department has a treasure trove of evidence of Mrs. Clinton’s… https://t.co/IpmARu0gyP
 ,I will be interviewed by @JudgeJeanine on @FoxNews at 9:00 P.M. Enjoy!
 ,“Congressman Schiff omitted and distorted key facts” @FoxNews  So what else is new. He is a total phony!
 ,“Russians had no compromising information on Donald Trump” @FoxNews  Of course not because there is none and neve… https://t.co/R9sniNq1ar
 ,Dem Memo: FBI did not disclose who the clients were - the Clinton Campaign and the DNC. Wow!
 ,The Democrat memo response on government surveillance abuses is a total political and legal BUST. Just confirms all… https://t.co/7xFWbPQ5Xh
 ,BIG CPAC STRAW POLL RESULTS: 93% APPROVE OF THE JOB PRESIDENT TRUMP IS DOING (Thank you!). 50% say President Trump… https://t.co/QavF7yVap4
 ,Dems are no longer talking DACA! “Out of sight out of mind” they say. DACA beneficiaries should not be happy. Nan… https://t.co/TZjolh9nkE
 ,Unemployment claims are at the lowest level since 1973. Much of this has to do with the massive cutting of unnecess… https://t.co/3W7uDjmtZJ
 ,Democrat judges have totally redrawn election lines in the great State of Pennsylvania. @FoxNews. This is very unfa… https://t.co/uErhBXPwuM
 ,Armed Educators (and trusted people who work within a school) love our students and will protect them. Very smart p… https://t.co/wQSlkyUTzh
 ,So true Wayne and Lowest black unemployment in history! https://t.co/gDxxJdZQUm
 ,Thank you to the great men and women of the United States @SecretService for a job well done!
 ,Today @FLOTUS Melania and I were honored to welcome Prime Minister @TurnbullMalcolm and Mrs. Turnbull of Australia… https://t.co/PeVPje9xba
 ,Our nation’s motto is IN GOD WE TRUST. This week our nation lost an incredible leader who devoted his life to help… https://t.co/gQzYg1Xq8r
 ,We salute our great American flag we put our hands on our hearts for the pledge of Allegiance and we all PROUDLY… https://t.co/BoR8a2Kn29
 ,After years of rebuilding OTHER nations we are finally rebuilding OUR nation - and we are restoring our confidence… https://t.co/LXqvjEMR5D
 ,For those of you who are still interested the Democrats have totally forgotten about DACA. Not a lot of interest on this subject from them!
 ,My daughter Ivanka just arrived in South Korea. We cannot have a better or smarter person representing our country.
 ,CPAC Today!
 ,MS-13 gang members are being removed by our Great ICE and Border Patrol Agents by the thousands but these killers… https://t.co/ktMXRRb97k
 ,“School shooting survivor says he quit @CNN Town Hall after refusing scripted question.” @TuckerCarlson. Just like… https://t.co/wDQm1urt9V
 ,Today it was my great honor to host a School Safety Roundtable at the @WhiteHouse with State and local leaders la… https://t.co/BtEV9OqmNJ
 ,On behalf of an entire Nation CONGRATULATIONS to the U.S. Women's Hockey Team on winning the GOLD! #GoTeamUSA… https://t.co/1dpsf8yqdq
 ,Will be meeting with Lawmakers today at 11:30 A.M. to discuss School Safety.  Next week it will be with our Nation’… https://t.co/USyL5x0ujR
 ,What many people don’t understand or don’t want to understand is that Wayne Chris and the folks who work so hard… https://t.co/4I87uxDsqD
 ,I will be strongly pushing Comprehensive Background Checks with an emphasis on Mental Health. Raise age to 21 and e… https://t.co/5zKlGxnVTc
 ,....If a potential “sicko shooter” knows that a school has a large number of very weapons talented teachers (and ot… https://t.co/NTnUcZxrle
 ,....History shows that a school shooting lasts on average 3 minutes. It takes police &amp; first responders approxima… https://t.co/v68k63he25
 ,....immediately fire back if a savage sicko came to a school with bad intentions. Highly trained teachers would als… https://t.co/wyg77QWPfn
 ,I never said “give teachers guns” like was stated on Fake News @CNN &amp; @NBC. What I said was to look at the possibil… https://t.co/Tvi4fzLbCA
 ,I will always remember the time I spent today with courageous students teachers and families. So much love in the… https://t.co/u8ZYPzhp2S
 ,.@FLOTUS Melania and I join millions of people around the world in mourning the passing of Billy Graham. Our prayer… https://t.co/Q8BrGTiHuP
 ,Yesterday it was my great honor to recognize extraordinary Law Enforcement Officers and First Responders and to a… https://t.co/PsfNaJrfEB
 ,Question: If all of the Russian meddling took place during the Obama Administration right up to January 20th why… https://t.co/dquN8v8VwU
 ,The GREAT Billy Graham is dead. There was nobody like him! He will be missed by Christians and all religions. A very special man.
 ,@CNN @MSNBC Whether we are Republican or Democrat we must now focus on strengthening Background Checks!
 ,So true thank you! https://t.co/9TTXlfokYz
 ,Bad ratings @CNN &amp; @MSNBC got scammed when they covered the anti-Trump Russia rally wall-to-wall. They probably kne… https://t.co/1s5PQaBe2g
 ,Main Street is BOOMING thanks to our incredible TAX CUT and Reform law. "This shows small-business owners are more… https://t.co/gkJczuVCt6
 ,....cameras running. Another False Accusation. Why doesn’t @washingtonpost report the story of the women taking mon… https://t.co/OTpK1KLYOL
 ,A woman I don’t know and to the best of my knowledge never met is on the FRONT PAGE of the Fake News Washington… https://t.co/lWlDMu6gxb
 ,I have been much tougher on Russia than Obama just look at the facts. Total Fake News!
 ,Hope Republicans in the Great State of Pennsylvania challenge the new “pushed” Congressional Map all the way to th… https://t.co/bT190oQKpM
 ,Matt Schlapp and CPAC are getting ready for another exciting event. Big difference from those days when President O… https://t.co/KxKVJL0Bc4
 ,Republicans are now leading the Generic Poll perhaps because of the popular Tax Cuts which the Dems want to take a… https://t.co/TQfyR96KP8
 ,....The President Obama quote just before election. That’s because he thought Crooked Hillary was going to win and… https://t.co/59Wli8q1pN
 ,“There is no serious person out there who would suggest somehow that you could even rig America’s elections there’… https://t.co/eJ9M6A2H50
 ,Thank you to @foxandfriends for the great timeline on all of the failures the Obama Administration had against Russ… https://t.co/SI7CxX4a7C
 ,“The Faith of Donald Trump” a book just out by David Brody and Scott Lamb is a very interesting read. Enjoy!
 ,The U.S. economy is looking very good in my opinion even better than anticipated. Companies are pouring back into… https://t.co/Sxweprvk7N
 ,.@MittRomney has announced he is running for the Senate from the wonderful State of Utah. He will make a great Sena… https://t.co/h1RaVb2OVj
 ,Obama was President up to and beyond the 2016 Election. So why didn’t he do something about Russian meddling?
 ,Have a great but very reflective President’s Day!
 ,Just watched a very insecure Oprah Winfrey who at one point I knew very well interview a panel of people on 60 Mi… https://t.co/7iuf59562i
 ,My great friends from NASCAR are having their big race today The Daytona 500. Brian France and the France family a… https://t.co/EWBOQxPW2S
 ,Thank you to KenStarr former Independent Counsel Whitewater for your insight and powerful words on FISA abuse R… https://t.co/XGIgUkn3qK
 ,Great Pollster John McLaughlin now has the GOP up in the Generic Congressional Ballot. Big gain over last 4 weeks.… https://t.co/iIrNmfPgbQ
 ,The Fake News of big ratings loser CNN. https://t.co/rYsv90cnvs
 ,If it was the GOAL of Russia to create discord disruption and chaos within the U.S. then with all of the Committe… https://t.co/fx3CPabzTi
 ,Now that Adam Schiff is starting to blame President Obama for Russian meddling in the election he is probably doin… https://t.co/R2OTHSUYP9
 ,I never said Russia did not meddle in the election I said “it may be Russia or China or another country or group… https://t.co/1dMjQbLlSC
 ,Finally Liddle’ Adam Schiff the leakin’ monster of no control is now blaming the Obama Administration for Russia… https://t.co/9HNsbaWwWj
 ,Never gotten over the fact that Obama was able to send $1.7 Billion Dollars in CASH to Iran and nobody in Congress… https://t.co/5nQ35ANIrg
 ,General McMaster forgot to say that the results of the 2016 election were not impacted or changed by the Russians a… https://t.co/ilaHKwf6Jy
 ,Very sad that the FBI missed all of the many signals sent out by the Florida school shooter. This is not acceptable… https://t.co/yvvTEmad2e
 ,Just like they don’t want to solve the DACA problem why didn’t the Democrats pass gun control legislation when the… https://t.co/c2gS0ByFUw
 ,“I have seen all of the Russian ads and I can say very definitively that swaying the election was *NOT* the main go… https://t.co/y4PVZ6KZqv
JohnKasich,This is very encouraging and further proof of how Ohio is working to stay on the leading edge of technology.https://t.co/yX8kzVhvk8
 ,We need a coordinated response to Russia’s brazen and lawless actions in the U.K. But we also need more than that.… https://t.co/OZEAcdijmA
 ,In regards to Andrew McCabe who devoted his life to protecting America Gentlemen don’t dance on other people’s g… https://t.co/k069fWQLRt
 ,Keep yourself and others safe – don’t drink and drive. https://t.co/yQlbS6iwZi
 ,Don’t think for a moment that these kids aren’t learning and changing the world. Each of us has the same potential.… https://t.co/F4RqAIXbXm
 ,Apprenticeships shouldn’t be overlooked — they’re great ways for both businesses and students to stay ahead of the… https://t.co/SJgnmW8H3a
 ,Great to see this happening! Partnerships like this are crucial in driving innovation and change. https://t.co/QzZvFYqEzd
 ,Pretty incredible to see my Buckeyes back in #MarchMadness. As a proud alum hoping for a long run in the tournamen… https://t.co/W6xPr1hJ3u
 ,No surprise to anyone in Ohio — Cleveland is already world-renowned for its contributions to healthcare being a ne… https://t.co/W3208T33z7
 ,Our places of worship play such an important role in the fight against drug abuse and addiction and I was so excite… https://t.co/VgEKDfW8aC
 ,Think you can defeat my #MarchMadness bracket?Let’s have some fun while supporting the fight against Human Traffi… https://t.co/njIkEo8fJl
 ,Young people must continue to stand up and share their beliefs. Don't let it end today. You can and are makin… https://t.co/n9GhTiNAU6
 ,Tune in to @CNBC at 10:10AM ET - I’ll be on @SquawkStreet to talk trade tariffs and more.
 ,Thanks for having me on! @ScottGamm https://t.co/gr9Ke0ctjA
 ,Hope you can tune in to watch my interview on @OutFrontCNN with @ErinBurnett at 7PM ET. @CNN https://t.co/qpFHglfW4C
 ,Apprenticeships open doors to so many great opportunities. Nathan and others like him are proof that… https://t.co/SsKWISXMGw
 ,I’ll be a guest this morning on @MSNBC at 9:15 ET with @SRuhle - Lots of important issues to discuss. Tune in!
 ,I'll be a guest on @MSNBC's @allinwithchris this evening at 8PM ET. Hope you can tune in! @chrislhayes
 ,Gov. Kasich is LIVE announcing a new advancement in Ohio’s effort to develop an ethane cracker plant in Eastern Ohi… https://t.co/yaAxqOrqQR
 ,Getting ready to announce some big new advances in our effort to develop an ethane cracker plant in Eastern Ohio.… https://t.co/lHdC7tDUrh
 ,Let’s use this #MarchMadness to have some fun and support a great charity at the same time!Chip in $5 to see if y… https://t.co/C500wnYppz
 ,I was honored to present Chris Hole with the Courage Award for her bravery on that terrible night in Las Vegas. https://t.co/K9hZjQEnsA
 ,By empowering prescribers and pharmacists to prevent opiate abuse  we've been able to nearly eliminate doctor shop… https://t.co/mHwmwNGRXh
 ,I was proud to present Nina Schubert with a Courage Award this week — she’s an inspiring example of leadership at a… https://t.co/JuRrZVcj8Y
 ,10-year old Mikah Frye set a great example of compassion and respect for the needs of others — I was proud to prese… https://t.co/Zb7GQgHXEQ
 ,If you’re looking for your next big opportunity there’s no better resource than @OhioMeansJobs. Check it out:… https://t.co/GM6x8V7cIR
 ,It’s like skipping a party you’re expected to host. Very disappointing that other countries are leading efforts to… https://t.co/gIcOtXEpFj
 ,Gov. Kasich’s statement on the Administration’s decision to impose tariffs. https://t.co/rG7UQUezc6
 ,A WW1 Marine. An activist. A journalist. Take a few minutes and check out @OhioHistory to learn about some of Ohi… https://t.co/uFa67RF531
 ,“When we slow down and we listen we can be better.” #OHSotS https://t.co/SpCYbSGnzD
 ,This is the state of our State. #OHSotS https://t.co/7dHkkmJO74
 ,Millennials have shown a special willingness to take on the impossible. It’s that kind of attitude that will contin… https://t.co/xzztxx7VFw
 ,In case you missed it this video kicked off the State of the State last night. It's Ohio Now. https://t.co/GwREfb65IW
 ,I closed my State of the State Address with a story not many have heard before. #OHSotS https://t.co/F4DX4DCVC1
 ,#OHSotS https://t.co/kfoThmHdWo
 ,#OHSotS https://t.co/y0ggSn2nH2
 ,#OHSotS https://t.co/URILI71NQG
 ,#OHSotS https://t.co/1gGBfwTEKz
 ,#OHSotS https://t.co/RcipK5CaqB
 ,#OHSotSWATCH LIVE: https://t.co/xYinKPSiFd or https://t.co/1B77dOnrST https://t.co/fjeqJWQB2p
 ,Chris Hole a nurse from Miamisburg was among thousands who came under attack in the terrible shooting in Las Vegas… https://t.co/4iE8LRYlUE
 ,10-year old Mikah Frye was homeless for much of his life — this past Christmas he took $300 given to him for an xb… https://t.co/J2Rj2Vwh9r
 ,The first Courage Award winner of the evening is Nina Schubert a young lady whose personal struggles led her to he… https://t.co/lxTOgnohDK
 ,#OHSotSWATCH LIVE: https://t.co/xYinKPSiFd or https://t.co/1B77dOnrST https://t.co/dl4ZQa7IJR
 ,Since January 2011 Ohioans have created 485300 new private sector jobs. #OHSotS https://t.co/ipTOYGWbMI
 ,#OHSotSWATCH LIVE: https://t.co/1B77dOnrST https://t.co/iewgbBq1pC
 ,#OHSotSWATCH LIVE: https://t.co/xYinKPSiFd https://t.co/BuFExo61IN
 ,#OHSotSWATCH LIVE: https://t.co/1B77dOnrST https://t.co/i0J1RPwguV
 ,The Westerville Police serving as the Honor Guard at tonight’s #OHSotS#WestervilleStrong https://t.co/R7ThusMK1X
 ,Gov. Kasich is LIVE now at the State of the State. Watch here: https://t.co/1B77dOnrST or https://t.co/xYinKPSiFd#OHSotS
 ,30 minutes to go. Tune in at 7pm for my final State of the State. https://t.co/1B77dOnrST or… https://t.co/1sZDhN4h3U
 ,In 2012 we started the Governor’s Courage Awards to honor Ohioans who inspire us. Tonight I’ll have the honor of… https://t.co/mejgXO43Eb
 ,My cabinet directors are out and about again today for State of the State events check out #OHSotS to see what they’re up to!
 ,Taking the State of the State out into communities across Ohio has been a privilege and seeing banners hanging alo… https://t.co/SioNfDGbBb
 ,Tonight’s State of the State will be LIVE at 7pm on https://t.co/1B77dOnrST and https://t.co/xYinKPSiFd https://t.co/p9XrKse22i
 ,In my last State of the State address tomorrow night I’ll talk about the values that have guided our Administratio… https://t.co/jZiNYzPNU1
 ,It’s been five months of inaction to resolve DACA. This should have taken five minutes. Pass it. Send it to the P… https://t.co/if5xbPTqmd
 ,An important part of our State of the State tradition is taking our Cabinet directors into the community to listen… https://t.co/uWky5a7RhY
 ,Make sure you watch tomorrow’s State of the State LIVE at 7pm on https://t.co/1B77dOnrST#OHSotS https://t.co/NK5mULLAJK
 ,Great to see my friend @Schwarzenegger in Ohio to celebrate the bipartisan compromise on redistricting.This is an… https://t.co/79yqex4VDa
 ,Looking forward to my State of the State speech on Tuesday in my hometown of Westerville. https://t.co/sYFS0pdpJN
 ,I’ll be on the air with @JakeTapper on @CNNSotu this morning – don’t miss it! https://t.co/ruBVZa1sY2
 ,I’ll be on @CNNSotu with @JakeTapper tomorrow at 9am and 12pm ET. Make sure you tune in! https://t.co/1Eu7rttz7r
 ,"...the group’s work should get more than cursory attention from lawmakers. The ideas are worth vetting considerin… https://t.co/5VGpdOJ5BF
 ,As communities we need to push to pass common-sense gun laws. That's what we're doing in Ohio. @ViceNews https://t.co/SRktYLNxN3
 ,Happy to be with my amazing wife @KarenKasich tonight to support @ASASOhio and all the great work they do to ensure… https://t.co/Ekvq8doJ6J
 ,Looking forward to it! https://t.co/XmLO0h2NAZ
 ,A great day with Gov. @Schwarzenegger and our legislative leaders celebrating congressional redistricting reform he… https://t.co/mlBbKXcXTL
 ,My statement on the President's decision to impose tariffs. https://t.co/i4pfY3lRmd
 ,Billy Graham served as a model for preachers all over the world.Today we lower the flags in his honor. https://t.co/iuhcwgmbUx
 ,When opposite sides come together to compromise on ideas to make Ohioans safer from gun violence people ought to l… https://t.co/HJJ1fxnJPX
 ,Today I announced alongside some great minds from all sides of the gun issue proposals to help make Ohioans safer… https://t.co/KFBmHS0Aue
 ,We pulled together some great minds from all sides of the gun issue to develop serious policy proposals that can ma… https://t.co/PFZDFX5wsV
 ,LIVE NOW: Gov. Kasich announcing proposals to help protect Ohioans from gun violence.https://t.co/1B77dOnrST https://t.co/lKTiuSxPI7
 ,Cabinet meeting this morning. A lot of new ideas being bounced around updates from our agency directors on what th… https://t.co/vW8DrSewwm
 ,The group reached unanimous agreement on important proposals that I’ll be laying out at a news conference this afte… https://t.co/ggoNQ2gTJy
 ,In November I called for bringing together interested people on all sides of the gun issue to sit down and find co… https://t.co/22tCxhoLJj
 ,Happy birthday Ohio! 215 years of explorers innovators and heroes. https://t.co/BxfeWZWSzj
 ,Proud of the community service being done by the young men at the Cuyahoga Hills Juvenile Correctional Facility tod… https://t.co/RIPkbaI9Rn
 ,Honda has been a major player in Ohio’s economy — they’ve been a driver of cutting-edge technology and innovation… https://t.co/KE2GSCpiJ3
 ,When our nation’s debt goes up job opportunities go down. Responsible budgeting is the key to a healthy economy. https://t.co/Mxo0hDP5gp
 ,Making real progress in our effort to strengthen community and police relations as more local police departments ar… https://t.co/RJBzpS9kXN
 ,Enjoyed seeing these student members of the Ohio Pharmacist Association during their visit to the Statehouse today.… https://t.co/4UZpL2sRCV
 ,For decades this American icon has been manufactured in Ohio – now Airstream is investing $40 million in a new fac… https://t.co/JP8P6pziNh
 ,I’ll be on @AC360 tonight don’t miss it! https://t.co/sr5UKGNgvO
 ,Good news but this fight is far from over. Congress has to become serious and exhibit leadership to allow these yo… https://t.co/NK6gOSBjuF
 ,"This wasn't for us this was for the 17 victims. We played for them" Zenobi said. "So passionate so emotional -… https://t.co/bmgqC18xJG
 ,Activism is activism. And we’re in a new age of it. It’s driven by the young and that’s nothing new in America’s… https://t.co/zhrBKDpXA7
 ,Jordan Bohannon didn’t know Chris Street but he knows what it means to show class and respect.https://t.co/9rYMeeVLZy
 ,Who will I support in 2018? It'll be those candidates who believe in low taxes individual responsibility balanced… https://t.co/AjVbJJR0in
 ,No one has all the answers to stop gun violence but there are common sense reforms we can put in place to make Ame… https://t.co/QC1LOwLSFR
 ,Just wrapped our briefing on the state and local response to the flooding in Southern Ohio. A lot of good people co… https://t.co/oOoqzOAdCw
 ,Getting the latest updates from our emergency management team on the flooding situation in southern Ohio. Proud of… https://t.co/tonw2m0QQw
 ,I’ll be on @ThisWeekABC with @GovofCO Hickenlooper around 930 ET this morning. Be sure to tune in!
 ,The world needs to hold Assad accountable for the vicious attacks on the Syrian people.
 ,Strong work! Awesome to have a good team ready to respond when called. https://t.co/SkBbEvDWlG
 ,Continued rain is causing flooding especially in S. Ohio. State agencies are supporting local efforts to keep peop… https://t.co/1dkj8kQqY8
 ,It was great to see my dear friend Tim Penny yesterday. Years ago in DC we worked across the aisle to fight for a b… https://t.co/2VwpcOFhDB
 ,Good conversation today with @ChuckTodd about the way forward in the effort to decrease gun violence. Tune in to… https://t.co/Op8ueZERCu
 ,A big honor to receive the @ConcordC’s Economic Patriot Award for fiscal responsibility today here in Washington. J… https://t.co/UuxLPtAnIg
 ,Just wrapped our presentation at the National Press Club on our ideas for a stronger health care system. https://t.co/xak7itKEeZ
 ,Getting ready to join @GovofCO Hickenlooper and @AkGovBillWalker to unveil our new Bipartisan Blueprint for Improvi… https://t.co/OGEpZvosSY
 ,The debate over health care in America is far from over. Read my guest column with @GovofCO Hickenlooper on the i… https://t.co/Eup6ovWiBb
 ,Enjoyed sitting down with some former members and talking about the state of affairs here in DC. It’s time for thos… https://t.co/BJ8kX52zx5
 ,What an incredible win. Congrats to @TeamUSA! #USAvsCAN https://t.co/ReBdjNupT6
 ,Forget about elections. It’s time for leaders in Washington to put their ego aside &amp; begin taking steps necessary t… https://t.co/XCWAuiiZl6
 ,Great to say hi to the Young Souls Jazz Band from the Boys &amp; Girls Clubs of Cleveland--great orgs doing great work. https://t.co/o6iQgV5Pp5
 ,If you’re looking to join us for my final State of the State in Westerville on March 6th your last chance to sign… https://t.co/kJRc8nZpkB
 ,Billy Graham was about love forgiveness and hope. Every preacher should learn from him.
 ,Today my wife and I celebrate and reflect on the life of Billy Graham. I saw him preach and I was truly inspired. H… https://t.co/qtKmBX5Df2
 ,Cleveland is a powerhouse of healthcare innovation — it’s no surprise that businesses see the potential there. https://t.co/oyu4PxtkJF
 ,Let's give credit where credit is due. This is absolutely the right thing to do and hopefully more will follow. https://t.co/vB6xA1lTYP
 ,Ohio’s own John Glenn made history as the first American to orbit the Earth on this day 56 years ago – setting the… https://t.co/bU2Gk44BrT
 ,Proud to see Ohio leading the way on this important issue. https://t.co/ccofHCopdO
 ,This is great to see! Ohio has been working to create a model to strengthen community-police relations and we’re pl… https://t.co/hIN7US7ydl
 ,Encouraged to see the president taking this under consideration. Now let's keep the conversation going and get this… https://t.co/NDWlfXm6rd
 ,Our new one-stop shop for smart mobility @DriveOhio is making it easier for industry leaders to advance autonomous… https://t.co/Y0Sw3gZBqR
 ,If all the sudden you couldn't buy an AR-15 what would you lose? Would you feel your second amendment rights would… https://t.co/HM0hJscaxg
 ,Mr. President America needs real leadership. We need to take common sense steps NOW to protect our kids. From one… https://t.co/SGvnhlGlud
 ,I’ll be on @CNNSotu with @DanaBashCNN this morning —  don’t miss it! https://t.co/eKS2SNaTPj
 ,Each person has to blaze their own path. And apprenticeships are a great way to learn while you earn. Learn more ab… https://t.co/A29cvuB1Ve
 ,Looking forward to being on @CNNSotu Sunday at 9AM and Noon ET. Hope you can tune in! @CNN https://t.co/vy6sXsnn3Z
 ,As I’ve said before Russia is not our friend. They attacked our election and must be held accountable.https://t.co/b3MrSJIt5P
 ,Miracle and Sanderson are heroes.   Human trafficking is an overlooked crime but it’s happening right now. If so… https://t.co/bv15cEtk37
 ,I support these bipartisan efforts to address a fair solution on DACA and border security. They're on the right tra… https://t.co/m4ByrDxbTE
 ,Ohio is working to prepare for our future place in the global knowledge economy. I shared our perspective from here… https://t.co/X3qyGg3aji
 ,The loss of life in Florida is such a tragedy. When a child is taken too soon each family loses a lifetime of smil… https://t.co/6207iPp9LD
 ,Fixing DACA should take congress 6 minutes not 6 months. It's time for them to step up get it done and send it t… https://t.co/3VXe2dVK4C
 ,Empower yourself to better understand alternatives to pain medication by using the tools and resources from TakeCha… https://t.co/mWVhVJOMJO
 ,In respect of the ultimate sacrifice made by Officers Morelli and Joering I am ordering the lowering of flags unti… https://t.co/L5Y2ZmH4E0
 ,I appreciate the call earlier today from President Trump who offered his support for Westerville and the families o… https://t.co/1pKK52gq7Q
 ,Ohio keeps finding ways to lead the way --- this time with Cleveland's own @RedmondGerard winning the first gold me… https://t.co/dizQ6XOImj
 ,I've spoken with Westerville's city leaders and Chief Morbitzer and pledged whatever support they need from the hig… https://t.co/Ob433aKzmT
 ,The finest among us are those who risk it all everyday for our safety and Officers Anthony Morelli and Eric Joerin… https://t.co/twbZSsMSGZ
 ,We will learn more soon about this tragic incident but please join me in lifting up these officers' families in prayer. (2/2)
 ,I am very saddened to learn of the deaths of two of my hometown police officers today.  I have spoken with Westervi… https://t.co/DFPNlOSnc5
 ,For Ohio the growth in biotech doesn’t come as a surprise — we have great universities and hospitals talented wor… https://t.co/zP6KbQN1Lk
 ,Ohio’s popular College Credit Plus program helped more than 50000 high school students get a head start on their c… https://t.co/s7kY1pQEL3
 ,How much debt are we going to put on our children? It seems every time we turn around we are making it bigger and b… https://t.co/2mMo1Tyr0x
 ,Wishing the best of luck to all our #TeamUSA athletes competing in the #2018Olympics! Let’s bring home the gold!
 ,Ohio is always working to help veterans find the opportunities they deserve. https://t.co/E16udcFxJE
 ,If you missed this last night you missed a great one. Congrats to the team and Coach @ChrisHoltmann. He’s doing an… https://t.co/NdmzoDbalt
 ,There is no doubt that mentorship works! Through our Community Connectors grants we’ve been able to start new ment… https://t.co/z9JoNtdqKl
 ,What an incredible person and life! Happiest of birthdays to Roberta! https://t.co/ECYzgLzEFo
 ,The economy is changing rapidly and Ohio is working to get ready. https://t.co/66PBdHQccM
 ,Hear this good man @NFoles_9 talk about perseverance and character and know he is grounded by his Faith https://t.co/U9fsRObZxA
 ,Thanks for the kind words Arnold! The credit goes to the Republican and Democrat legislators who worked so hard to… https://t.co/b9o76pXhp6
 ,Ohio's legislative leaders also deserve particular recognition for their skillful work in getting a bipartisan comp… https://t.co/Xw6NnW8BbP
 ,It’s official – bipartisan congressional redistricting reform has been overwhelmingly passed in Ohio. https://t.co/PgIO77jidz
 ,The future of transportation is coming fast and Ohio is going to be ready for it. By establishing ourselves as a l… https://t.co/WZGKge854v
 ,Throughout my administration I’ve enjoyed being able to take the State of the State on the road to communities acr… https://t.co/CWmhcKrfsn
 ,At last year’s State of the State I called for $20 million to help drive more innovation to the battle against dru… https://t.co/YHUv900lD0
 ,“Life is to be lived to its fullest so that death is just another chapter. Memories of our lives our works and our… https://t.co/I4lbzExiW7
 ,The independent investigation into Russia’s meddling in our election must continue unimpeded by outside forces from… https://t.co/XvfcKaDMek
 ,America's partisan divide is growing each day. It's unconscionable that our national security and justice system ar… https://t.co/jXlbMBR2Wk
 ,The independent investigation into Russia’s meddling in our election must continue unimpeded by outside forces from… https://t.co/HMZ8tPWzji
 ,The manner in which this was done was wrong and does a disservice to our country. My full statement on the release… https://t.co/WDhvbmASNo
 ,Recently @60Minutes &amp; @WashingtonPost shined a light on Rx drug wholesalers that were pumping excessive amounts of… https://t.co/ePlbdF8gcd
 ,Gov. Kasich will be LIVE today at 11:30am to make a big announcement to advance Ohio’s fight against prescription d… https://t.co/4siLMVvNqe
 ,It was cool to host students from Stebbins High School in my Cabinet room today — we had a great conversation about… https://t.co/OBWxccJ9li
 ,A good example of Ohio’s community colleges stepping up to make sure more STEM students succeed and more employers… https://t.co/rEaJ4Sakzg
 ,Had a wonderful visit today with an American icon in journalism the one and only @DanRather. We stand together in… https://t.co/le0m4Zedbs
 ,Free trade has created hundreds of thousands of jobs for Americans and it strengthens our position in the world. https://t.co/FveCjkeVCk
 ,Like me how many of our family members immigrated to America looking for the land of opportunity? They made our co… https://t.co/0zU5gC2ckp
 ,Fighting drug abuse and addiction requires thinking outside the box and that’s exactly what these winners of our t… https://t.co/uyMkQrfZ2f
 ,Looking forward to speaking with @NicolleDWallace on @MSNBC at 4:30 ET today. Hope you can tune in!
 ,This is what we’ve been trying so hard to develop since I came into office – staking Ohio’s place once again as a l… https://t.co/j4Bf23OpFh
 ,Great to join Henry Kissinger at the event supporting the @McCainInstitute. Great discussion and event supporting t… https://t.co/mKnuxUzk52
 ,Tune in to @LateNightSeth tonight! https://t.co/CSeEuK329k
 ,Great meeting @darrencriss on @latenightseth. Hope you have continued success even if you did go to that school up north!
 ,Last year we started the Ohio Opioid Technology Challenge to encourage people to submit their innovative ideas for… https://t.co/XdZHQrtFLu
 ,Happy to be a part of the fight against gerrymandering -- this time w/ @Schwarzenegger &amp; MD Gov. @LarryHogan. Hon… https://t.co/UjsCSE3Mer
 ,Great to see Columbus recognized as a top city for recent college grads. You want opportunity &amp; affordability in a… https://t.co/cC7eVxwRRN
 ,The Midwest is shedding our rust belt image. We’ve become more than our stereotype. And entrepreneurs are finding O… https://t.co/yxXwAaFbO4
 ,Hope you can tune in to @LateNightSeth Monday night! https://t.co/ezjz48M9Dk
 ,This is thuggery. Plain and simple. Putin should know the world is watching. Release Navalny and allow for free a… https://t.co/wcZtWITWe2
 ,How do we honor the 6 million lives lost during the Holocaust? By working every day to bring good into the world --… https://t.co/8IJqkckTRt
 ,Great idea! Our @OSHP is working hard to increase awareness about Human Trafficking. Learn more about our efforts t… https://t.co/Ht27M45b53
 ,Congratulations to Columbus’ Grace Tian for being named among the 40 finalists in the nation’s oldest science and m… https://t.co/Mxgyb2Z1PY
 ,A good example of the incredible new tech we’re supporting to help curb opiate abuse.https://t.co/lGeQfgVstu
 ,Today I announced my decision to appoint 7th District Court of Appeals Judge Mary DeGenaro to the Ohio Supreme Cour… https://t.co/KJYGQLhRmn
BarackObama,41: I like the competition. And the loyalty to the home team. - 44 https://t.co/XG3ChMtW0M
 ,Congrats to @LoyolaChicago and Sister Jean for a last-second upset - I had faith in my pick!
 ,Just because I have more time to watch games doesn’t mean my picks will be better but here are my brackets this ye… https://t.co/gWpZwlceV3
 ,Have fun out there among the stars. https://t.co/S285MTwGtp
 ,Four years ago @MichelleObama and I had the privilege to host Lt. Cmdr. Dan Cnossen and his fellow Paralympians an… https://t.co/kneWyU2Tu1
 ,I got my start holding community meetings in Chicago so it was fun to be home for one tonight. Michelle and I want… https://t.co/1ammpZayJx
 ,Young people have helped lead all our great movements. How inspiring to see it again in so many smart fearless stu… https://t.co/wXO3wBtJ8V
 ,Billy Graham was a humble servant who prayed for so many - and who with wisdom and grace gave hope and guidance t… https://t.co/V8WtgIRPEB
 ,We are grieving with Parkland. But we are not powerless. Caring for our kids is our first job. And until we can hon… https://t.co/LWGSkzRapH
 ,Happy Valentine’s Day @MichelleObama. You make every day and every place better. https://t.co/aWvyytR7Mm
 ,Dr. King was 26 when the Montgomery bus boycott began. He started small rallying others who believed their efforts… https://t.co/N0zwBg7gTi
 ,All across America people chose to get involved get engaged and stand up. Each of us can make a difference and al… https://t.co/zxpKVnNeHZ
 ,Ten-year-old Jahkil Jackson is on a mission to help homeless people in Chicago. He created kits full of socks toil… https://t.co/7mNk6dmnyC
 ,Chris Long gave his paychecks from the first six games of the NFL season to fund scholarships in Charlottesville V… https://t.co/KxUk5Wle6h
 ,Kat Creech a wedding planner in Houston turned a postponed wedding into a volunteer opportunity for Hurricane Har… https://t.co/MCXiSuAVJN
 ,As we count down to the new year we get to reflect and prepare for what’s ahead. For all the bad news that seemed… https://t.co/WaUHkVww2g
 ,On behalf of the Obama family Merry Christmas! We wish you joy and peace this holiday season. https://t.co/CNFUZrhrBj
 ,There's no better time than the holiday season to reach out and give back to our communities. Great to hear from yo… https://t.co/gp5dCy9oN2
 ,Happy Hanukkah everybody from the Obama family to yours. Chag Sameach!
 ,Just got off a call to thank folks who are working hard to help more Americans across the country sign up for healt… https://t.co/A9QvCySWJ8
 ,Michelle and I are delighted to congratulate Prince Harry and Meghan Markle on their engagement. We wish you a life… https://t.co/KC9nmjZPuX
 ,From the Obama family to yours we wish you a Happy Thanksgiving full of joy and gratitude. https://t.co/xAvSQwjQkz
 ,ME:  Joe about halfway through the speech I’m gonna wish you a happy birth--BIDEN:  IT’S MY BIRTHDAY!ME:  Joe.… https://t.co/5qLUsDoaMi
 ,This is what happens when the people vote. Congrats @RalphNortham and @PhilMurphyNJ . And congratulations to all th… https://t.co/ZvUKZIDGAj
 ,Every election matters - those who show up determine our future. Go vote tomorrow! https://t.co/j1wh8hLamw
 ,May God also grant all of us the wisdom to ask what concrete steps we can take to reduce the violence and weaponry in our midst.
 ,We grieve with all the families in Sutherland Springs harmed by this act of hatred and we’ll stand with the survivors as they recover...
 ,Starting today you can sign up for 2018 health coverage. Head on over to https://t.co/ob1Ynoesod and find a plan t… https://t.co/6eN1Y5TQGV
 ,Michelle and I are thinking of the victims of today's attack in NYC and everyone who keeps us safe. New Yorkers are as tough as they come.
 ,Hello #ObamaSummit! Thrilled to host civic leaders in Chicago from all over the world. Follow along at @ObamaFoundation.
 ,I’ll let you and @ladygaga handle the singing and we’ll handle the donations. There’s still time to give:… https://t.co/0NnaR3bozh
 ,Tonight the ex-Presidents are getting together in Texas to support all our fellow Americans rebuilding from this ye… https://t.co/nFSou6JC6n
 ,I'm grateful to @SenJohnMcCain for his lifetime of service to our country. Congratulations John on receiving this year's Liberty Medal.
 ,Michelle &amp; I are praying for the victims in Las Vegas. Our thoughts are with their families &amp; everyone enduring another senseless tragedy.
 ,Proud to cheer on Team USA at the Invictus Games today with my friend Joe. You represent the best of our country. https://t.co/WBzcltmgqj
 ,We're expanding our efforts to help Puerto Rico &amp; the USVI where our fellow Americans need us right now. Join us a… https://t.co/gkrp1RwXR4
 ,Prosecutor soldier family man citizen. Beau made us want to be better. What a legacy to leave. What a testament… https://t.co/XDtkLu32wd
 ,Thinking about our neighbors in Mexico and all our Mexican-American friends tonight. Cuidense mucho y un fuerte abrazo para todos.
 ,Coding is important – and fun. @CSforAll thanks for your work to make sure every kid can compete in a high-tech g… https://t.co/xwlnvxsjKb
 ,Michelle and I want the @ObamaFoundation to inspire and empower people to change the world. Here's how we're gettin… https://t.co/xY0UhBSvqp
 ,We remember everyone we lost on 9/11 and honor all who defend our country and our ideals. No act of terror will ever change who we are.
 ,Proud of these McKinley Tech students—inspiring young minds that make me hopeful about our future. https://t.co/nqYC1mjjTB
 ,Americans always answer the call. https://t.co/SV1jixOExu https://t.co/ktEvL6s89d
 ,To target hopeful young strivers who grew up here is wrong because they’ve done nothing wrong. My statement: https://t.co/TCxZdld7L4
 ,Thank you to all the first responders and people helping each other out. That's what we do as Americans. Here's one… https://t.co/I3RHWyZe31
 ,Michelle and I are thinking of the victims and their families in Barcelona. Americans will always stand with our Spanish friends. Un abrazo.
 ,"...For love comes more naturally to the human heart than its opposite." - Nelson Mandela
 ,"People must learn to hate and if they can learn to hate they can be taught to love..."
 ,"No one is born hating another person because of the color of his skin or his background or his religion..." https://t.co/InZ58zkoAm
 ,John McCain is an American hero &amp; one of the bravest fighters I've ever known. Cancer doesn't know what it's up against. Give it hell John.
 ,Health care has always been about something bigger than politics: it's about the character of our country. https://t.co/UqLO14Hef7
 ,Of all that I've done in my life I'm most proud to be Sasha and Malia's dad. To all those lucky enough to be a dad… https://t.co/XSqMhcSuvR
 ,On this National Gun Violence Awareness Day let your voice be heard and show your commitment to reducing gun viole… https://t.co/S7dth6Ywb0
 ,Forever grateful for the service and sacrifice of all who fought to protect our freedoms and defend this country we… https://t.co/BwRS0onlOL
 ,Good to see my friend Prince Harry in London to discuss the work of our foundations &amp; offer condolences to victims… https://t.co/f1U8It8AmE
 ,Through faith love and resolve the character of the people of Manchester has shown itself.  Our thoughts &amp; prayer… https://t.co/xyMer891Zo
 ,Our hearts go out to those killed and wounded in Manchester. Americans will always stand shoulder to shoulder with the people of the UK.
 ,Excited to hear from Sierra Imani Filiz and Benedikt who are making a difference at home and abroad. See you in… https://t.co/bF1kB1GvxC
 ,Happy Mother's Day to my love and partner on this journey @MichelleObama and to all the wonderful hardworking mothers out there.
 ,We're rolling up our sleeves again back where it all started. Join us at https://t.co/GYkEOK8EuT. https://t.co/UlyvNrQvZR
 ,Well said Jimmy. That's exactly why we fought so hard for the ACA and why we need to protect it for kids like Bil… https://t.co/jB3LXT94Ok
 ,My heart goes out to the victims and their families in London. No act of terror can shake the strength and resilience of our British ally.
 ,Chuck Berry rolled over everyone who came before him – and turned up everyone who came after.  We'll miss you Chuck.  Be good.
 ,On International Women’s Day @MichelleObama and I are inspired by all of you who embrace your power to drive chang… https://t.co/Er9mIQlmgr
 ,Humbled to be recognized by a family with a legacy of service. Who's your #ProfileInCourage? Tell me about them:… https://t.co/25Ohhab8Xn
 ,We asked. You answered. https://t.co/mAJvko6VqR
 ,Happy Valentine’s Day @michelleobama! Almost 28 years with you but it always feels new. https://t.co/O0UhJWoqGN
 ,I read letters like these every single day. It was one of the best parts of the job – hearing from you. https://t.co/so1luBcszV
 ,In the meantime I want to hear what you're thinking about the road ahead. So share your ideas with me here: https://t.co/GYkEOK8EuT
 ,Hi everybody! Back to the original handle. Is this thing still on? Michelle and I are off on a quick vacation then we’ll get back to work.
 ,Tonight President Obama reflects on eight years of progress. Watch the #FarewellAddress at 9 pm ET: https://t.co/ZnwTsg155B #ObamaFarewell
 ,In the weekly address President Obama discusses what #Obamacare has done to improve health care. https://t.co/VdQlyrSZhx
 ,Let's keep working to keep our economy on a better stronger course. https://t.co/bV2BVjyj7a
 ,The landmark #ParisAgreement enters into force today—we must keep up the momentum to #ActOnClimate. https://t.co/Cyw5Udaoro
 ,The economy added 161000 jobs in October and wages are up 2.8 percent over the past year. https://t.co/pJxjgLnjCt #JobsReport
 ,There are a lot of plans out there. Check your options and lock in the one that's best for you: https://t.co/buFY9ozDz4 #GetCovered
 ,The positive impact of #Obamacare is undeniable but there's one big factor holding many states back: https://t.co/7XebIdRX34
 ,Tens of millions of Americans have benefited from #Obamacare. Make sure you're one of them. #GetCovered https://t.co/e1KoXcPtpU
 ,Thanks to #Obamacare quality health care is available to everyone. The marketplace is now open—make sure you and y… https://t.co/89gl6pzMGD
 ,Community organizing never goes out of style. Shop now: https://t.co/LXEbQdKLLT https://t.co/E56ofoU36i
 ,With #Obamacare people can focus on treatment for pre-existing conditions without the fear of coverage being cappe… https://t.co/jvdFY87XBu
 ,The Obamacare marketplace is now open. If you're uninsured now is the time to shop for a plan and #GetCovered.… https://t.co/Spjlga4eTT
 ,Lions and Tiggers and bears! Oh my! #HappyHalloween https://t.co/iU4fjBhi0Y
 ,Usted y su familia merecen la tranquilidad de saber que están cubiertos. El mercado de seguros abre mañana. https://t.co/9iRCkLRGZD
 ,Speak up in support of quality affordable health care for all. https://t.co/rGsSguMxvj
 ,There's nothing to be scared of when searching for health insurance. Three in four people can #GetCovered for less… https://t.co/BUmnRO9B3E
 ,Open enrollment begins tomorrow—make sure you and your loved ones #GetCovered. https://t.co/2aak7Bt0s3
 ,Senate leaders' obstruction of our Supreme Court nomination process is unacceptable. Say so: https://t.co/t3pYMO8Fp0 #DoYourJob
 ,Senate leaders should put the common good above politics—the integrity of our nation's highest court depends on it.… https://t.co/iRVCEl1pzf
 ,Don't ghost on your health and well-being—your chance to #GetCovered is coming up. Open enrollment starts November… https://t.co/qwNLazuPiz
 ,Climate change is happening now. Denial is dangerous. https://t.co/0Nlf8Fst4u
 ,If you're willing to work hard and play by the rules you should be able to get ahead. https://t.co/394hdJttgO
 ,President Obama lays out just a few of the ways in which #Obamacare has helped millions of Americans. https://t.co/qeqHRLz0ID
 ,New report: Renewable energy installations are beating fossil fuel installations for the first time. https://t.co/MMhIdu4jzt #ActOnClimate
 ,Obamacare has helped millions of Americans gain the peace of mind that comes with coverage. Show your support: https://t.co/NfrG7DHL5C
 ,This is what happens when we focus on building an economy that works for everyone not just those at the top. https://t.co/op3Z74rPeI
 ,No one's too wrapped up in pre-existing conditions to #GetCovered. Thanks to Obamacare you can find a plan that m… https://t.co/C7H9TZdxeU
 ,Help protect the progress we've made in helping millions of Americans get covered. Add your name now: https://t.co/HQSZKPl1eH
 ,DYK: Most people can find a plan for less than $75 per month. Open enrollment starts on November 1. #GetCovered https://t.co/9RGG5Pr4mb
 ,Women the sick survivors—they all deserve fair treatment in our health care system. #Obamacare https://t.co/G948HN7pzV
 ,Don't get tripped up by misinformation. Join the @OFA Truth Team today: https://t.co/wJZj1QCxXm https://t.co/vwwDgFHq6A
 ,Be proud of the progress we've made together—wear the mark of this movement. https://t.co/fYf2O9WAwG https://t.co/1Z4yJmYh4E
 ,Strong policies that help working families get ahead are good for our economy. https://t.co/QRRhibjZCl
 ,The four-week average of jobless claims fell to the lowest level since 1973—a sign of a healthy labor market. https://t.co/Lv7DnRM2DY
 ,Since 2010 America's uninsured rate has been cut in half. Help build on that progress—join Team #Obamacare today: https://t.co/MhIICuE17A
 ,Health care is a right not a privilege—and #Obamacare works to protect that right for millions of Americans. https://t.co/B7fO8rhggW
 ,Don't get tripped up by misinformation. Join the @OFA Truth Team today: https://t.co/09BpA6F9Ne https://t.co/Nxgp87o4iq
 ,Being able to stay on a parent's plan enables millions of young adults to make choices about their future with the… https://t.co/1lSzxCHZVf
 ,"Because of Obamacare another 20 million Americans now know the financial security of health insurance." https://t.co/eNd6J8bMxm
 ,Stand up for the law that's helped 20 million more Americans gain health coverage. Join Team @Obamacare today: https://t.co/XiNXrgnPoF
 ,There's still more work to do but let's celebrate how far we've come. https://t.co/kUVWn68kJw
 ,LIVE: President Obama is in Miami talking about the progress made possible by the Affordable Care Act. https://t.co/7FsQXut07O
 ,Tune in at 1:55 p.m. ET to watch President Obama speak about the successes of the Affordable Care Act. https://t.co/7FsQXut07O
 ,There's a lot of misinformation floating around. Make sure you've got the facts—join the @OFA Truth Team:… https://t.co/SpfRFK5LWq
 ,From coast to coast editorial boards are denouncing Senate obstructionism. Take a look: https://t.co/vqDr2bBiVr #DoYourJob
 ,Our Supreme Court has been short a justice for far too long. #DoYourJob Senate leaders. https://t.co/yJlejtHjr0
 ,The need for a ninth justice is undeniably clear. #DoYourJob https://t.co/L1EBgNbh3Q
 ,We can't afford to let this be the new normal. https://t.co/nJzyfz2Zlw #ActOnClimate
 ,Denying climate change is dangerous. Join @OFA supporters in standing up for bold action now: https://t.co/JZnvlb080l #ActOnClimate
 ,Climate change is real but so is the progress we're making to #ActOnClimate. Let's keep it up. https://t.co/GOFKXQblGJ
 ,This is just the latest step forward in the push to #ActOnClimate. https://t.co/UDInkidKkP
 ,Read why @FLOTUS is fighting to ensure that girls everywhere have access to quality education. https://t.co/xleq3HHSZt #LetGirlsLearn
 ,Wildfires in the next few decades could be "unrecognizable" to previous generations—because of climate change: https://t.co/vM3xM6mCf3
 ,Senate leaders are blocking the Supreme Court nomination for their own political gain—don't be silent: https://t.co/OMdTVim0TC #DoYourJob
 ,Senate leaders have recognized Judge Garland's impeccable credentials in the past. He deserves a fair hearing and a… https://t.co/w9bPtpSmm7
 ,We need a fully functional Supreme Court. Editorial boards across the country agree: https://t.co/BkLrNaTtzN #DoYourJob
 ,The American Bar Association gave Judge Garland its highest rating. Senate leaders: #DoYourJob and fill the #SCOTUS… https://t.co/iTVTqGIUvV
 ,Denying climate change is dangerous. Join @OFA supporters in standing up for bold action now: https://t.co/7MDQGYgX2u #ActOnClimate
 ,Cynics take note: When we #ActOnClimate we build a stronger future. https://t.co/wHHMdo2ro6
 ,"That’s how we will overcome the challenges we face: by unleashing the power of all of us for all of us." Read more: https://t.co/VxpwLIR4uF
 ,Check out the most recent editorial boards calling on Senate leaders to vote on Judge Garland: https://t.co/hzuhZYevfo #DoYourJob
 ,Senate leaders have undercut the functionality of the Supreme Court and that's unacceptable. #DoYourJob https://t.co/5HFXhgTMoP
 ,Senate leaders' political games are handicapping the Supreme Court—and judgeships across the country. https://t.co/PhKOBKXLmS #DoYourJob
 ,LIVE: President Obama is speaking at a reception celebrating #HispanicHeritageMonth. https://t.co/FK0ytbKw1q
 ,Support the bold steps we're taking against climate change. Say you're ready to #ActOnClimate: https://t.co/EtwjaKgYFW
 ,Last week more than 190 countries reached a landmark deal to reduce carbon pollution from aviation. https://t.co/LRYkXVw3rO #ActOnClimate
 ,Let's leave our children and grandchildren a planet that's healthier than the one we have today. #ActOnClimate https://t.co/mP29bpRdU9
 ,Climate change's effects are devastating. Denying the science behind it does nothing to help. https://t.co/Rww40wwgD9 #ActOnClimate
 ,"On behalf of Michelle and our family G’mar Chatimah Tovah." —President Obama #YomKippur
 ,"LGBT individuals deserve to know their country stands beside them." —President Obama #NationalComingOutDay https://t.co/op7nBzbaod
 ,The Supreme Court must remain above politics. Judge Garland needs a hearing and a vote. #DoYourJob https://t.co/eVSPSIFNpB
 ,Don't stand idly by while Senate leaders continue to block Judge Garland from a fair hearing and vote: https://t.co/TSavHP3mHg #DoYourJob
 ,Judge Garland is just as qualified now as he was in 1997 Senate leaders. It's time to #DoYourJob. https://t.co/j1lEkdMYV6
 ,Dispel misinformation with facts from the @OFA Truth Team. https://t.co/zjexLUJXAC
 ,The uninsured rate is the lowest it's been in decades thanks to #Obamacare. Spread the word.… https://t.co/ZkN8HVbn3E
 ,Deadline tonight—help rein in payday lenders that succeed by targeting vulnerable Americans: https://t.co/7OlpH6OFek #StopTheDebtTrap
 ,The Obama administration and @CFPB are working to protect consumers and #StopTheDebtTrap. https://t.co/UMO01OUkdh
 ,Our economy is on a better stronger course. https://t.co/yzB6x7CExJ
 ,The economic progress we've made is undeniable—let's keep it up. https://t.co/gAlfaC1hkI
 ,Check out President Obama's essay in @TheEconomist on the unique challenges the American economy faces. https://t.co/jKJNCrQALL
 ,The economy added 156000 jobs in September—extending the longest streak of total job growth on record.
 ,ICYMI: Read about the historic #ParisAgreement and what it means for the fight to #ActOnClimate. https://t.co/eMefgFZk53
 ,The cost of clean energy technology dropped significantly over the last eight years. Get the chart: https://t.co/fuGQMXeRYb #ActOnClimate
 ,This historic step in the fight to #ActOnClimate came faster than anyone predicted. https://t.co/W2rtcNXkI7
 ,"Today is a historic day in the fight to protect our planet for future generations." —President Obama #ActOnClimate https://t.co/x3dJSCYUcj
 ,LIVE: President Obama is delivering a statement on the Paris Climate Agreement. https://t.co/mNpQ6QyA91
 ,Read from @NYTopinion about why filling the Supreme Court vacancy is crucial for our democracy: https://t.co/zuSWzxSaqW #DoYourJob
 ,Enough is enough. Say it's time for Senate leaders to get to work: https://t.co/2M789YIcBk #DoYourJob
 ,"Everybody cares about their kids their grandkids and the kind of world we pass on to them." —President Obama https://t.co/cfxpSBNWIU
 ,Take what matters with you. https://t.co/E0hXWSu1q3 https://t.co/KJJdkE8DML
 ,We've come a long way but the fight for fairness and an economy that works for everyone continues. https://t.co/WWRhZHwYWE
 ,Side-by-side for 24 years. Here's to many more. #HappyAnniversary https://t.co/nh8Xfc7IWU
 ,Facts matter. Stay informed with the @OFA Truth Team: https://t.co/O8PhOX5jJ3
 ,In the weekly address President Obama discusses why access to paid leave is so important. https://t.co/q9kDEqYs5u #LeadOnLeave
 ,Parents shouldn't have to choose between a paycheck and taking care of a sick child at home. #LeadOnLeave https://t.co/FF4hTkgOZy
 ,After thirty years in Congress Senator this should not be your proudest accomplishment. https://t.co/FwGAJsBCoo… https://t.co/86F1fhUWsp
 ,We need a fully functioning Supreme Court. Speak up if you agree it's time for a hearing and a vote: https://t.co/d6nmum1Ut7 #DoYourJob
 ,There has never been a more qualified nominee Senate leaders. He deserves a fair hearing and a vote. #DoYourJob https://t.co/qtzcY3iwyl
 ,It's the Senate's job to fairly consider Supreme Court nominees. Their refusal to do so is unacceptable: https://t.co/s8FdCa0tq6 #DoYourJob
 ,"Everybody gets sick." Check out what President Obama is doing to extend access to paid sick leave: https://t.co/gOAc2HAkQg #LeadOnLeave
 ,Never underestimate the strength and resilience of the American economy. https://t.co/OFTN2FlRtq
